<?xml version="1.0" encoding="UTF-8"?>
<Unavailability_MarketDocument xmlns="urn:iec62325.351:tc57wg16:451-6:outagedocument:3:0" >
    <mRID>jK9_LQxQKyCztr5NfozZKg</mRID>
    <revisionNumber>3</revisionNumber>
    <type>A78</type>
    <process.processType>A26</process.processType>
    <createdDateTime>2020-12-16T12:34:38Z</createdDateTime>
    <sender_MarketParticipant.mRID codingScheme="A01">10X1001A1001A450</sender_MarketParticipant.mRID>
    <sender_MarketParticipant.marketRole.type>A32</sender_MarketParticipant.marketRole.type>
    <receiver_MarketParticipant.mRID codingScheme="A01">10X1001A1001A450</receiver_MarketParticipant.mRID>
    <receiver_MarketParticipant.marketRole.type>A33</receiver_MarketParticipant.marketRole.type>
    <unavailability_Time_Period.timeInterval>
        <start>2020-10-15T05:30Z</start>
        <end>2020-12-16T14:30Z</end>
    </unavailability_Time_Period.timeInterval>
    <TimeSeries>
        <mRID>1</mRID>
            <businessType>A53</businessType>
            <in_Domain.mRID codingScheme="A01">10YNL----------L</in_Domain.mRID>
            <out_Domain.mRID codingScheme="A01">10YBE----------2</out_Domain.mRID>
            <start_DateAndOrTime.date>2020-10-15</start_DateAndOrTime.date>
            <start_DateAndOrTime.time>05:30:00Z</start_DateAndOrTime.time>
            <end_DateAndOrTime.date>2020-12-16</end_DateAndOrTime.date>
            <end_DateAndOrTime.time>14:30:00Z</end_DateAndOrTime.time>
        <quantity_Measure_Unit.name>MAW</quantity_Measure_Unit.name>
        <curveType>A03</curveType>
                <Asset_RegisteredResource>
                    <mRID codingScheme="A01">22T20161020----I</mRID>
	                <name>AVLGM380 101 HORTA  </name>
	                <asset_PSRType.psrType>B21</asset_PSRType.psrType>
	                <location.name>AVELGEM - HORTA 380.101</location.name>
                </Asset_RegisteredResource>
            <Available_Period>
                <timeInterval>
                    <start>2020-10-15T05:30Z</start>
                    <end>2020-10-15T06:00Z</end>
                </timeInterval>
                <resolution>PT15M</resolution>
                    <Point>
                        <position>1</position>
                        <quantity>1400</quantity>
                    </Point>
            </Available_Period>
            <Available_Period>
                <timeInterval>
                    <start>2020-10-15T06:00Z</start>
                    <end>2020-12-16T14:00Z</end>
                </timeInterval>
                <resolution>PT60M</resolution>
                    <Point>
                        <position>1</position>
                        <quantity>1400</quantity>
                    </Point>
            </Available_Period>
            <Available_Period>
                <timeInterval>
                    <start>2020-12-16T14:00Z</start>
                    <end>2020-12-16T14:30Z</end>
                </timeInterval>
                <resolution>PT15M</resolution>
                    <Point>
                        <position>1</position>
                        <quantity>1400</quantity>
                    </Point>
            </Available_Period>
    </TimeSeries>
    <Reason>
        <code>B19</code>
                <text>ScheduledWorks</text>
    </Reason>
</Unavailability_MarketDocument>