<?xml version="1.0" encoding="UTF-8"?>
<Unavailability_MarketDocument xmlns="urn:iec62325.351:tc57wg16:451-6:outagedocument:3:0" >
    <mRID>umI5Od1yHvHCJWmBBGXgvQ</mRID>
    <revisionNumber>1</revisionNumber>
    <type>A77</type>
    <process.processType>A26</process.processType>
    <createdDateTime>2020-12-16T07:20:18Z</createdDateTime>
    <sender_MarketParticipant.mRID codingScheme="A01">10X1001A1001A450</sender_MarketParticipant.mRID>
    <sender_MarketParticipant.marketRole.type>A32</sender_MarketParticipant.marketRole.type>
    <receiver_MarketParticipant.mRID codingScheme="A01">10X1001A1001A450</receiver_MarketParticipant.mRID>
    <receiver_MarketParticipant.marketRole.type>A33</receiver_MarketParticipant.marketRole.type>
    <unavailability_Time_Period.timeInterval>
        <start>2020-12-17T14:00Z</start>
        <end>2020-12-17T15:30Z</end>
    </unavailability_Time_Period.timeInterval>
    <TimeSeries>
        <mRID>1</mRID>
            <businessType>A53</businessType>
            <biddingZone_Domain.mRID codingScheme="A01">10YNL----------L</biddingZone_Domain.mRID>
            <start_DateAndOrTime.date>2020-12-17</start_DateAndOrTime.date>
            <start_DateAndOrTime.time>14:00:00Z</start_DateAndOrTime.time>
            <end_DateAndOrTime.date>2020-12-17</end_DateAndOrTime.date>
            <end_DateAndOrTime.time>15:30:00Z</end_DateAndOrTime.time>
        <quantity_Measure_Unit.name>MAW</quantity_Measure_Unit.name>
        <curveType>A03</curveType>
		    <production_RegisteredResource.mRID codingScheme="A01">49W000000000127W</production_RegisteredResource.mRID>
		        <production_RegisteredResource.name>Windpark Gemini</production_RegisteredResource.name>
		        <production_RegisteredResource.location.name>Netherlands</production_RegisteredResource.location.name>
		        <production_RegisteredResource.pSRType.psrType>B18</production_RegisteredResource.pSRType.psrType>
		    <production_RegisteredResource.pSRType.powerSystemResources.nominalP unit="MAW">600</production_RegisteredResource.pSRType.powerSystemResources.nominalP>
            <Available_Period>
                <timeInterval>
                    <start>2020-12-17T14:00Z</start>
                    <end>2020-12-17T15:30Z</end>
                </timeInterval>
                <resolution>PT15M</resolution>
                    <Point>
                        <position>1</position>
                        <quantity>450</quantity>
                    </Point>
            </Available_Period>
            <Reason>
                <code>B19</code>
            </Reason>
    </TimeSeries>
    <Reason>
        <code>B19</code>
    </Reason>
</Unavailability_MarketDocument>