27,"t","Dairy Products: Released January 6, 2021, by the National Agricultural Statistics Service (NASS), Agricultural Statistics Board, United States Department of Agriculture (USDA)."
27,"t","Whey and Modified Whey Products Production, Stocks, and Prices � United States: November 2019 and 2020"
27,"h","","","","","",""
27,"h","","","","","Change from","Change from"
27,"h","","November","October","November","",""
27,"h","Product","2019","2020","2020","November","October"
27,"h","","","","","2019","2020"
27,"h","","","","","",""
27,"u","","(1,000 pounds)","(1,000 pounds)","(1,000 pounds)","(percent)","(percent)"
27,"d","Condensed whey, solids content 1/",,,,,
27,"d","  Sweet-type, human",10653,6178,6235,-41.5,0.9
27,"d","",,,,,
27,"d","Dry whey products",,,,,
27,"d","  Dry whey, human",73920,73700,69534,-5.9,-5.7
27,"d","  Dry whey, animal",1191,1051,1113,-6.5,5.9
27,"d","  Dry whey, total",75111,74751,70647,-5.9,-5.5
27,"d","",,,,,
27,"d","Reduced lactose and minerals",,,,,
27,"d","  Human",1365,1612,1437,5.3,-10.9
27,"d","  Animal",2840,2981,2950,3.9,-1.0
27,"d","",,,,,
27,"d","Whey protein concentrate",,,,,
27,"d","  Human 2/",39863,38265,39572,-0.7,3.4
27,"d","  Animal 2/",833,424,339,-59.3,-20.0
27,"d","  Total 2/",40696,38689,39911,-1.9,3.2
27,"d","    25.0-49.9 percent 3/",14212,14313,15145,6.6,5.8
27,"d","    50.0-89.9 percent 3/",26484,24376,24766,-6.5,1.6
27,"d","",,,,,
27,"d","Whey protein isolates 4/",9321,10005,8754,-6.1,-12.5
27,"d","",,,,,
27,"d","Lactose, human and animal",88375,91218,89767,1.6,-1.6
27,"d",""
27,"d","Manufacturers' stocks end of month 5/",,,,,
27,"d","Dry whey products",,,,,
27,"d","  Dry whey, human",77988,67065,66387,-14.9,-1.0
27,"d","  Dry whey, animal",1063,998,872,-18.0,-12.6
27,"d","  Dry whey, total",79051,68063,67259,-14.9,-1.2
27,"d","",,,,,
27,"d","Reduced Lactose and minerals",,,,,
27,"d"," Human and animal 6/",4292,5619,5588,30.2,-0.6
27,"d","",,,,,
27,"d","Whey protein concentrate",,,,,
27,"d","  Human 2/",67006,62372,63289,-5.5,1.5
27,"d","  Animal 2/",815,797,727,-10.8,-8.8
27,"d","  Total 2/",67821,63169,64016,-5.6,1.3
27,"d","    25.0-49.9 percent 3/",24530,26212,28527,16.3,8.8
27,"d","    50.0-89.9 percent 3/",43291,36957,35489,-18.0,-4.0
27,"d","",,,,,
27,"d","Whey protein isolates 4/",17650,14766,14830,-16.0,0.4
27,"d","",,,,,
27,"d","Lactose, human and animal",116469,104373,113799,-2.3,9.0
27,"u","","(cents per pound)","(cents per pound)","(cents per pound)","(cents change)","(cents change)"
27,"d","Manufacturers' selling price 7/",,,,,
27,"d","Dry whey, animal",13.6,20.2,22.0,8.4,1.8
27,"c",""
27,"f","1/  Final marketable product only. Does not include quantity used or shipped to another plant for further processing into dry whey or modified whey products. Does not include sweet-type, animal whey."
27,"f","2/  Whey protein concentrate, 25.0 to 89.9 percent."
27,"f","3/  Whey protein concentrate, human and animal."
27,"f","4/  Whey protein isolate, 90.0 percent or greater."
27,"f","5/  Stocks held by manufacturers at all points and in transit."
27,"f","6/  Reduced lactose and minerals stocks combined to avoid disclosure of individual operations."
27,"f","7/  Prices for bulk goods, f.o.b. plant. Average monthly prices reported by firms."
