9,"t","Dairy Products: Released January 6, 2021, by the National Agricultural Statistics Service (NASS), Agricultural Statistics Board, United States Department of Agriculture (USDA)."
9,"t","Butter Production � States, United States, and Regions: November 2019 and 2020"
9,"h","","","","","",""
9,"h","","","","","Change from","Change from"
9,"h","","November","October","November","",""
9,"h","State and region","2019","2020","2020","November","October"
9,"h","","","","","2019","2020"
9,"h","","","","","",""
9,"u","","(1,000 pounds)","(1,000 pounds)","(1,000 pounds)","(percent)","(percent)"
9,"d","California",48711,54101,50914,4.5,-5.9
9,"d","New York",1959,1995,1967,0.4,-1.4
9,"d","Pennsylvania",7974,8169,8061,1.1,-1.3
9,"d","",,,,,
9,"d","Other States 1/",103208,101118,107378,4.0,6.2
9,"d","",,,,,
9,"d","United States",161852,165383,168320,4.0,1.8
9,"d","",,,,,
9,"d","Atlantic",14328,14854,14832,3.5,-0.1
9,"d","Central",64291,61452,66709,3.8,8.6
9,"d","West",83233,89077,86779,4.3,-2.6
9,"c",""
9,"f","1/ States not shown when fewer than 3 plants reported or individual plant operations could be disclosed."
