18,"t","Dairy Products: Released January 6, 2021, by the National Agricultural Statistics Service (NASS), Agricultural Statistics Board, United States Department of Agriculture (USDA)."
18,"t","Cheddar Cheese Production � States, United States, and Regions: November 2019 and 2020"
18,"h","","","","","",""
18,"h","","","","","Change from","Change from"
18,"h","","November","October","November","",""
18,"h","State and region","2019","2020","2020","November","October"
18,"h","","","","","2019","2020"
18,"h","","","","","",""
18,"u","","(1,000 pounds)","(1,000 pounds)","(1,000 pounds)","(percent)","(percent)"
18,"d","California",24347,23928,25563,5.0,6.8
18,"d","Iowa",9035,10038,8689,-3.8,-13.4
18,"d","Minnesota",50105,52819,50411,0.6,-4.6
18,"d","Oregon",14474,17639,15954,10.2,-9.6
18,"d","Vermont",8645,7887,8335,-3.6,5.7
18,"d","Wisconsin",59130,63002,62200,5.2,-1.3
18,"d","",,,,,
18,"d","Other States 1/",143487,153644,149564,4.2,-2.7
18,"d","",,,,,
18,"d","United States",309223,328957,320716,3.7,-2.5
18,"d","",,,,,
18,"d","Atlantic",26665,25367,25821,-3.2,1.8
18,"d","Central",153170,165475,160497,4.8,-3.0
18,"d","West",129388,138115,134398,3.9,-2.7
18,"c",""
18,"f","1/ States not shown when fewer than 3 plants reported or individual plant operations could be disclosed."
