36,"t","Dairy Products: Released January 6, 2021, by the National Agricultural Statistics Service (NASS), Agricultural Statistics Board, United States Department of Agriculture (USDA)."
36,"t","Total Italian Cheese Production � States, United States, and Regions: November 2019 and 2020"
36,"h","","","","","",""
36,"h","","","","","Change from","Change from"
36,"h","","November","October","November","",""
36,"h","State and region","2019","2020","2020","November","October"
36,"h","","","","","2019","2020"
36,"h","","","","","",""
36,"u","","(1,000 pounds)","(1,000 pounds)","(1,000 pounds)","(percent)","(percent)"
36,"d","California",148208,128442,130070,-12.2,1.3
36,"d","Idaho",23719,25280,23301,-1.8,-7.8
36,"d","Minnesota",6279,10466,10167,61.9,-2.9
36,"d","New Jersey",3051,3088,2947,-3.4,-4.6
36,"d","New York",31307,32519,31040,-0.9,-4.5
36,"d","Pennsylvania",20961,19808,20158,-3.8,1.8
36,"d","Wisconsin",137252,136749,131337,-4.3,-4.0
36,"d","",,,,,
36,"d","Other States 1/",101185,112277,108463,7.2,-3.4
36,"d","",,,,,
36,"d","United States",471962,468629,457483,-3.1,-2.4
36,"d","",,,,,
36,"d","Atlantic",59627,59904,58458,-2.0,-2.4
36,"d","Central",184485,194886,187137,1.4,-4.0
36,"d","West",227850,213839,211888,-7.0,-0.9
36,"c",""
36,"f","1/ States not shown when fewer than 3 plants reported or individual plant operations could be disclosed."
