7,"t","Dairy Products: Released January 6, 2021, by the National Agricultural Statistics Service (NASS), Agricultural Statistics Board, United States Department of Agriculture (USDA)."
7,"t","American Cheese Production � States, United States, and Regions: November 2019 and 2020"
7,"h","","","","","",""
7,"h","","","","","Change from","Change from"
7,"h","","November","October","November","",""
7,"h","State and region","2019","2020","2020","November","October"
7,"h","","","","","2019","2020"
7,"h","","","","","",""
7,"u","","(1,000 pounds)","(1,000 pounds)","(1,000 pounds)","(percent)","(percent)"
7,"d","California",49042,50001,48954,-0.2,-2.1
7,"d","Idaho",48602,55841,54472,12.1,-2.5
7,"d","Iowa",17997,15900,18204,1.2,14.5
7,"d","Minnesota",51739,53574,51819,0.2,-3.3
7,"d","New York",11855,11518,11361,-4.2,-1.4
7,"d","Oregon",16865,19995,20064,19.0,0.3
7,"d","Wisconsin",83554,90281,87300,4.5,-3.3
7,"d","",,,,,
7,"d","Other States 1/",152784,164938,157062,2.8,-4.8
7,"d","",,,,,
7,"d","United States",432438,462048,449236,3.9,-2.8
7,"d","",,,,,
7,"d","Atlantic",28371,26886,28045,-1.1,4.3
7,"d","Central",216701,234341,227533,5.0,-2.9
7,"d","West",187366,200821,193658,3.4,-3.6
7,"c",""
7,"f","1/ States not shown when fewer than 3 plants reported or individual plant operations could be disclosed."
