23,"t","Dairy Products: Released January 6, 2021, by the National Agricultural Statistics Service (NASS), Agricultural Statistics Board, United States Department of Agriculture (USDA)."
23,"t","Dairy Products Production by Product and Month � United States: 2019 and 2020 (continued)"
23,"t","[Blank data cells indicate estimation period has not yet begun]"
23,"h","","","","","","",""
23,"h","","Monthly","Monthly","Monthly","Cumulative","Cumulative","Cumulative"
23,"h","Product and month","","","","","",""
23,"h","","","","Change","","","Change"
23,"h","","2019","2020","from","2019","2020","from"
23,"h","","","","2019","","","2019"
23,"h","","","","","","",""
23,"u","","(1,000 pounds)","(1,000 pounds)","(percent)","(1,000 pounds)","(1,000 pounds)","(percent)"
23,"d","Yogurt, plain and flavored",,,,,,
23,"d","  January",369301,347758,-5.8,369301,347758,-5.8
23,"d","  February",375622,375155,-0.1,744923,722913,-3.0
23,"d","  March",399699,418060,4.6,1144622,1140973,-0.3
23,"d","  April",379341,363628,-4.1,1523963,1504601,-1.3
23,"d","  May",354516,372064,4.9,1878479,1876665,-0.1
23,"d","  June",364013,396538,8.9,2242492,2273203,1.4
23,"d","  July",348614,365970,5.0,2591106,2639173,1.9
23,"d","  August",377322,382283,1.3,2968428,3021456,1.8
23,"d","  September",381495,388829,1.9,3349923,3410285,1.8
23,"d","  October",357443,386920,8.2,3707366,3797205,2.4
23,"d","  November",319612,317681,-0.6,4026978,4114886,2.2
23,"d","  December",348979,,,4375957,,
23,"d",""
23,"u","","(1,000 gallons)","(1,000 gallons)","(percent)","(1,000 gallons)","(1,000 gallons)","(percent)"
23,"d","Frozen yogurt, total",,,,,,
23,"d","  January",4081,4032,-1.2,4081,4032,-1.2
23,"d","  February",5761,4160,-27.8,9842,8192,-16.8
23,"d","  March",5691,5577,-2.0,15533,13769,-11.4
23,"d","  April",5083,4762,-6.3,20616,18531,-10.1
23,"d","  May",6491,6038,-7.0,27107,24569,-9.4
23,"d","  June",5641,5344,-5.3,32748,29913,-8.7
23,"d","  July",5722,5619,-1.8,38470,35532,-7.6
23,"d","  August",7963,8119,2.0,46433,43651,-6.0
23,"d","  September",4522,4463,-1.3,50955,48114,-5.6
23,"d","  October",4390,4425,0.8,55345,52539,-5.1
23,"d","  November",3868,3863,-0.1,59213,56402,-4.7
23,"d","  December",2916,"","",62129
23,"c",""
23,"f","-  Represents zero."
23,"f","1/ Excludes Cottage Cheese."
23,"f","2/ Includes Cheddar, Colby, washed curd, stirred curd, Monterey, and Jack."
23,"f","3/ Includes protein standardized and blends."
23,"f","4/ Excludes all modified dry whey products."
