41,"t","Dairy Products: Released January 6, 2021, by the National Agricultural Statistics Service (NASS), Agricultural Statistics Board, United States Department of Agriculture (USDA)."
41,"t","Condensed and Dry Milk Products Production, Stocks, and Shipments � United States: November 2019 and 2020"
41,"h","","","","","",""
41,"h","","","","","Change from","Change from"
41,"h","","November","October","November","",""
41,"h","Product","2019","2020","2020","November","October"
41,"h","","","","","2019","2020"
41,"h","","","","","",""
41,"u","","(1,000 pounds)","(1,000 pounds)","(1,000 pounds)","(percent)","(percent)"
41,"d","Production",,,,,
41,"d","Bulk condensed milk",,,,,
41,"d","  Skim, unsweetened",92429,107038,100369,8.6,-6.2
41,"d","",,,,,
41,"d","Dry milk products",,,,,
41,"d","  Dry buttermilk, total",8885,8382,10266,15.5,22.5
41,"d","  Dry skim milk, animal",8057,701,662,-91.8,-5.6
41,"d","  Dry whole milk",9856,12092,12843,30.3,6.2
41,"d","  Milk protein concentrate, total 1/",10310,18371,12872,24.8,-29.9
41,"d","  Nonfat dry milk, human",138880,138720,151685,9.2,9.3
41,"d","  Skim milk powder, total 2/",50955,57175,54433,6.8,-4.8
41,"d","",,,,,
41,"d","Manufacturers' stocks end-of-month 3/",,,,,
41,"d","Dry milk products",,,,,
41,"d","  Dry buttermilk, total",14954,16604,17625,17.9,6.1
41,"d","  Dry skim milk, animal",15597,9188,8814,-43.5,-4.1
41,"d","  Dry whole milk",15917,13470,14789,-7.1,9.8
41,"d","  Nonfat dry milk, human",222623,235203,250308,12.4,6.4
41,"d","",,,,,
41,"d","Manufacturers' shipments 4/",,,,,
41,"d","Dry milk products",,,,,
41,"d","  Nonfat dry milk, human",140180,136142,141637,1.0,4.0
41,"c",""
41,"f","1/ Dry milk protein concentrate, 40-89.9 percent."
41,"f","2/ Includes protein standardized and blends."
41,"f","3/ Stocks held by manufacturers at all points and in transit."
41,"f","4/ For dry products, shipments of bulk goods."
