13,"t","Dairy Products: Released January 6, 2021, by the National Agricultural Statistics Service (NASS), Agricultural Statistics Board, United States Department of Agriculture (USDA)."
13,"t","Total Cheese Production Excluding Cottage Cheese � States, United States, and Regions: November 2019 and 2020"
13,"h","","","","","",""
13,"h","","","","","Change from","Change from"
13,"h","","November","October","November","",""
13,"h","State and region","2019","2020","2020","November","October"
13,"h","","","","","2019","2020"
13,"h","","","","","",""
13,"u","","(1,000 pounds)","(1,000 pounds)","(1,000 pounds)","(percent)","(percent)"
13,"d","California",217544,200282,200730,-7.7,0.2
13,"d","Idaho",77093,85812,82959,7.6,-3.3
13,"d","Illinois",6131,6064,5275,-14.0,-13.0
13,"d","Iowa",28671,29602,31928,11.4,7.9
13,"d","Minnesota",58324,64308,62204,6.7,-3.3
13,"d","New Jersey",5271,6076,5073,-3.8,-16.5
13,"d","New Mexico",80443,81380,78617,-2.3,-3.4
13,"d","New York",69475,75453,69155,-0.5,-8.3
13,"d","Ohio",19014,21075,19113,0.5,-9.3
13,"d","Oregon",16955,20104,20151,18.8,0.2
13,"d","Pennsylvania",35382,35009,34509,-2.5,-1.4
13,"d","South Dakota",33044,41238,40479,22.5,-1.8
13,"d","Vermont",12384,12392,12951,4.6,4.5
13,"d","Wisconsin",279521,290451,275549,-1.4,-5.1
13,"d","",,,,,
13,"d","Other States 1/",154145,162020,161525,4.8,-0.3
13,"d","",,,,,
13,"d","United States",1093397,1131266,1100218,0.6,-2.7
13,"d","",,,,,
13,"d","Atlantic",133685,139768,132944,-0.6,-4.9
13,"d","Central",499688,539107,515188,3.1,-4.4
13,"d","West",460024,452391,452086,-1.7,-0.1
13,"c",""
13,"f","1/ States not shown when fewer than 3 plants reported or individual plant operations could be disclosed."
