15,"t","Dairy Products: Released January 6, 2021, by the National Agricultural Statistics Service (NASS), Agricultural Statistics Board, United States Department of Agriculture (USDA)."
15,"t","Dry Whey (Human) Production � States, United States, and Regions: November 2019 and 2020"
15,"h","","","","","",""
15,"h","","","","","Change from","Change from"
15,"h","","November","October","November","",""
15,"h","State and region","2019","2020","2020","November","October"
15,"h","","","","","2019","2020"
15,"h","","","","","",""
15,"u","","(1,000 pounds)","(1,000 pounds)","(1,000 pounds)","(percent)","(percent)"
15,"d","New York",11179,11498,9442,-15.5,-17.9
15,"d","Wisconsin",22443,21642,22833,1.7,5.5
15,"d","",,,,,
15,"d","Other States 1/",40298,40560,37259,-7.5,-8.1
15,"d","",,,,,
15,"d","United States",73920,73700,69534,-5.9,-5.7
15,"d","",,,,,
15,"d","Atlantic",20793,21214,18987,-8.7,-10.5
15,"d","Central",35357,32473,33032,-6.6,1.7
15,"d","West",17770,20013,17515,-1.4,-12.5
15,"c",""
15,"f","1/ States not shown when fewer than 3 plants reported or individual plant operations could be disclosed."
