11,"t","Dairy Products: Released January 6, 2021, by the National Agricultural Statistics Service (NASS), Agricultural Statistics Board, United States Department of Agriculture (USDA)."
11,"t","Ice Cream, Regular (Hard) Production � States, United States, and Regions: November 2019 and 2020"
11,"h","","","","","",""
11,"h","","","","","Change from","Change from"
11,"h","","November","October","November","",""
11,"h","State and region","2019","2020","2020","November","October"
11,"h","","","","","2019","2020"
11,"h","","","","","",""
11,"u","","(1,000 gallons)","(1,000 gallons)","(1,000 gallons)","(percent)","(percent)"
11,"d","California",3868,6095,4972,28.5,-18.4
11,"d","Connecticut",1213,1248,1162,-4.2,-6.9
11,"d","Missouri",2237,2730,2234,-0.1,-18.2
11,"d","New Jersey 1/",81,"(NA)","(NA)","(NA)","(NA)"
11,"d","New York",1559,2032,1548,-0.7,-23.8
11,"d","Ohio",1862,2700,2125,14.1,-21.3
11,"d","Oregon",1005,1362,790,-21.4,-42.0
11,"d","Pennsylvania",3618,3984,3479,-3.8,-12.7
11,"d","Tennessee",1705,1736,1898,11.3,9.3
11,"d","Utah",1571,1820,1171,-25.5,-35.7
11,"d","Wisconsin",546,931,769,40.8,-17.4
11,"d","",,,,,
11,"d","Other States 2/",27662,37074,32861,18.8,-11.4
11,"d","",,,,,
11,"d","United States",46927,61712,53009,13.0,-14.1
11,"d","",,,,,
11,"d","Atlantic",12334,15388,13312,7.9,-13.5
11,"d","Central",26998,35450,31246,15.7,-11.9
11,"d","West",7595,10874,8451,11.3,-22.3
11,"c",""
11,"f","(NA)  Not available."
11,"f","1/ Included in Other States in 2020."
11,"f","2/ States not shown when fewer than 3 plants reported or individual plant operations could be disclosed."
