8,"t","Dairy Products: Released January 6, 2021, by the National Agricultural Statistics Service (NASS), Agricultural Statistics Board, United States Department of Agriculture (USDA)."
8,"t","Mozzarella Cheese Production � States, United States, and Regions: November 2019 and 2020"
8,"h","","","","","",""
8,"h","","","","","Change from","Change from"
8,"h","","November","October","November","",""
8,"h","State and region","2019","2020","2020","November","October"
8,"h","","","","","2019","2020"
8,"h","","","","","",""
8,"u","","(1,000 pounds)","(1,000 pounds)","(1,000 pounds)","(percent)","(percent)"
8,"d","California",137800,119448,120971,-12.2,1.3
8,"d","Idaho",23094,24757,22698,-1.7,-8.3
8,"d","New Jersey",1516,1571,1568,3.4,-0.2
8,"d","New York",15894,15128,16181,1.8,7.0
8,"d","Pennsylvania",17705,16722,16711,-5.6,-0.1
8,"d","Wisconsin",88847,86108,86000,-3.2,-0.1
8,"d","",,,,,
8,"d","Other States 1/",90410,102374,98703,9.2,-3.6
8,"d","",,,,,
8,"d","United States",375266,366108,362832,-3.3,-0.9
8,"d","",,,,,
8,"d","Atlantic",37969,36190,37313,-1.7,3.1
8,"d","Central",121937,126735,124764,2.3,-1.6
8,"d","West",215360,203183,200755,-6.8,-1.2
8,"c",""
8,"f","1/ States not shown when fewer than 3 plants reported or individual plant operations could be disclosed."
