10,"t","Dairy Products: Released January 6, 2021, by the National Agricultural Statistics Service (NASS), Agricultural Statistics Board, United States Department of Agriculture (USDA)."
10,"t","Nonfat Dry Milk (Human) Production � States, United States, and Regions: November 2019 and 2020"
10,"h","","","","","",""
10,"h","","","","","Change from","Change from"
10,"h","","November","October","November","",""
10,"h","State and region","2019","2020","2020","November","October"
10,"h","","","","","2019","2020"
10,"h","","","","","",""
10,"u","","(1,000 pounds)","(1,000 pounds)","(1,000 pounds)","(percent)","(percent)"
10,"d","California",44918,44802,50694,12.9,13.2
10,"d","Pennsylvania",14629,12892,13208,-9.7,2.5
10,"d","",,,,,
10,"d","Other States 1/",79333,81026,87783,10.7,8.3
10,"d","",,,,,
10,"d","United States",138880,138720,151685,9.2,9.3
10,"d","",,,,,
10,"d","Atlantic",24401,25655,26146,7.2,1.9
10,"d","Central",31027,33457,34447,11.0,3.0
10,"d","West",83452,79608,91092,9.2,14.4
10,"c",""
10,"f","1/ States not shown when fewer than 3 plants reported or individual plant operations could be disclosed."
