1,"t","Dairy Products: Released January 6, 2021, by the National Agricultural Statistics Service (NASS), Agricultural Statistics Board, United States Department of Agriculture (USDA)."
1,"t","Dairy Products Production by Product � United States: November 2019 and 2020"
1,"h","","","","","",""
1,"h","","","","","Change from","Change from"
1,"h","","November","October","November","",""
1,"h","Product","2019","2020","2020","November","October"
1,"h","","","","","2019","2020"
1,"h","","","","","",""
1,"u","","(1,000 pounds)","(1,000 pounds)","(1,000 pounds)","(percent)","(percent)"
1,"d","Butter",161852,165383,168320,4.0,1.8
1,"d","",,,,,
1,"d","Cheese",,,,,
1,"d","  American types 1/",432438,462048,449236,3.9,-2.8
1,"d","    Cheddar",309223,328957,320716,3.7,-2.5
1,"d","    Other American types",123215,133091,128520,4.3,-3.4
1,"d","  Blue and Gorgonzola",7668,6502,5723,-25.4,-12.0
1,"d","  Brick and Muenster",15745,16841,16352,3.9,-2.9
1,"d","  Cream and Neufchatel",85127,90064,90032,5.8,-
1,"d","  Feta",8365,10252,8345,-0.2,-18.6
1,"d","  Gouda",4149,3644,3724,-10.2,2.2
1,"d","  Hispanic",27890,30102,27693,-0.7,-8.0
1,"d","  Italian types",471962,468629,457483,-3.1,-2.4
1,"d","    Mozzarella",375266,366108,362832,-3.3,-0.9
1,"d","    Parmesan",30314,35992,33427,10.3,-7.1
1,"d","    Provolone",30150,32965,28285,-6.2,-14.2
1,"d","    Ricotta",23973,22944,21908,-8.6,-4.5
1,"d","    Romano",5545,3917,4378,-21.0,11.8
1,"d","    Other Italian types",6714,6703,6653,-0.9,-0.7
1,"d","  Swiss",26100,28406,27897,6.9,-1.8
1,"d","  All other types",13953,14778,13733,-1.6,-7.1
1,"d","",,,,,
1,"d","  Total cheese 2/",1093397,1131266,1100218,0.6,-2.7
1,"d","",,,,,
1,"d","Cottage cheese, curd 3/",28701,35728,29933,4.3,-16.2
1,"d","Cottage cheese, cream 4/",27025,33908,29394,8.8,-13.3
1,"d","Cottage cheese, lowfat 5/",24008,28891,24109,0.4,-16.6
1,"d","",,,,,
1,"d","Sour cream",129785,140258,131954,1.7,-5.9
1,"d","Yogurt, plain and flavored",319612,386920,317681,-0.6,-17.9
1,"d",""
1,"u","","(1,000 gallons)","(1,000 gallons)","(1,000 gallons)","(percent)","(percent)"
1,"d","Frozen products",,,,,
1,"d","  Ice cream, regular, hard",46927,61712,53009,13.0,-14.1
1,"d","  Ice cream, lowfat, hard",14792,19798,17455,18.0,-11.8
1,"d","  Ice cream, lowfat, soft",14276,15187,12442,-12.8,-18.1
1,"d","  Ice cream, lowfat, total 6/",29068,34985,29897,2.9,-14.5
1,"d","  Ice cream, nonfat, hard",417,648,426,2.2,-34.3
1,"d","  Sherbet, hard",2053,2768,2364,15.1,-14.6
1,"d","  Frozen yogurt, total",3868,4425,3863,-0.1,-12.7
1,"d","    Regular and lowfat, hard",1022,825,1094,7.0,32.6
1,"d","    Nonfat, hard",316,338,239,-24.4,-29.3
1,"d","  Other frozen dairy products",582,1415,1286,121.0,-9.1
1,"d","  Water and juice ices",4772,5431,4638,-2.8,-14.6
1,"d","",,,,,
1,"d","Mix for frozen products",,,,,
1,"d","  Ice cream, regular, mix",28084,40772,36175,28.8,-11.3
1,"d","  Ice cream, lowfat, mix 7/",13273,19514,16637,25.3,-14.7
1,"d","  Ice cream, nonfat, mix",294,495,300,2.0,-39.4
1,"d","  Sherbet mix",1451,2138,1662,14.5,-22.3
1,"d","  Yogurt mix",1566,1684,1551,-1.0,-7.9
1,"c",""
1,"f","-  Represents zero."
1,"f","1/ Includes Cheddar, Colby, washed curd, stirred curd, Monterey, and Jack."
1,"f","2/ Excludes Cottage Cheese."
1,"f","3/ Mostly used for processing into cream or lowfat cottage cheese."
1,"f","4/ Fat content 4 percent or more."
1,"f","5/ Fat content less than 4 percent."
1,"f","6/ Includes freezer-made milkshake."
1,"f","7/ Includes milkshake mix."
