<?xml version="1.0" encoding="UTF-8"?>
<Unavailability_MarketDocument xmlns="urn:iec62325.351:tc57wg16:451-6:outagedocument:3:0" >
    <mRID>A1fGOtNKepruSQg8VQV5Jw</mRID>
    <revisionNumber>1</revisionNumber>
    <type>A80</type>
    <process.processType>A26</process.processType>
    <createdDateTime>2017-11-20T08:19:07Z</createdDateTime>
    <sender_MarketParticipant.mRID codingScheme="A01">10X1001A1001A450</sender_MarketParticipant.mRID>
    <sender_MarketParticipant.marketRole.type>A32</sender_MarketParticipant.marketRole.type>
    <receiver_MarketParticipant.mRID codingScheme="A01">10X1001A1001A450</receiver_MarketParticipant.mRID>
    <receiver_MarketParticipant.marketRole.type>A33</receiver_MarketParticipant.marketRole.type>
    <unavailability_Time_Period.timeInterval>
        <start>2019-12-31T23:00Z</start>
        <end>2020-12-31T22:59Z</end>
    </unavailability_Time_Period.timeInterval>
    <TimeSeries>
        <mRID>1</mRID>
            <businessType>A53</businessType>
            <biddingZone_Domain.mRID codingScheme="A01">10YNL----------L</biddingZone_Domain.mRID>
            <start_DateAndOrTime.date>2019-12-31</start_DateAndOrTime.date>
            <start_DateAndOrTime.time>23:00:00Z</start_DateAndOrTime.time>
            <end_DateAndOrTime.date>2020-12-31</end_DateAndOrTime.date>
            <end_DateAndOrTime.time>22:59:00Z</end_DateAndOrTime.time>
        <quantity_Measure_Unit.name>MAW</quantity_Measure_Unit.name>
        <curveType>A03</curveType>
		    <production_RegisteredResource.mRID codingScheme="A01">49W000000000063W</production_RegisteredResource.mRID>
		        <production_RegisteredResource.name>Moerdijk</production_RegisteredResource.name>
		        <production_RegisteredResource.location.name>intra_zonal</production_RegisteredResource.location.name>
		        <production_RegisteredResource.pSRType.psrType>B04</production_RegisteredResource.pSRType.psrType>
		    <production_RegisteredResource.pSRType.powerSystemResources.mRID codingScheme="A01">49W000000000013A</production_RegisteredResource.pSRType.powerSystemResources.mRID>
		        <production_RegisteredResource.pSRType.powerSystemResources.name>Moerdijk 1</production_RegisteredResource.pSRType.powerSystemResources.name>
		    <production_RegisteredResource.pSRType.powerSystemResources.nominalP unit="MAW">348</production_RegisteredResource.pSRType.powerSystemResources.nominalP>
            <Available_Period>
                <timeInterval>
                    <start>2019-12-31T23:00Z</start>
                    <end>2020-12-31T22:59Z</end>
                </timeInterval>
                <resolution>PT1M</resolution>
                    <Point>
                        <position>1</position>
                        <quantity>0</quantity>
                    </Point>
            </Available_Period>
    </TimeSeries>
    <Reason>
        <code>B18</code>
                <text>Other</text>
    </Reason>
</Unavailability_MarketDocument>