<?xml version="1.0" encoding="UTF-8"?>
<Unavailability_MarketDocument xmlns="urn:iec62325.351:tc57wg16:451-6:outagedocument:3:0" >
    <mRID>EjETemF9OZB8waq5Xoa6Lg</mRID>
    <revisionNumber>4</revisionNumber>
    <type>A80</type>
    <process.processType>A26</process.processType>
    <createdDateTime>2020-12-31T09:31:29Z</createdDateTime>
    <sender_MarketParticipant.mRID codingScheme="A01">10X1001A1001A450</sender_MarketParticipant.mRID>
    <sender_MarketParticipant.marketRole.type>A32</sender_MarketParticipant.marketRole.type>
    <receiver_MarketParticipant.mRID codingScheme="A01">10X1001A1001A450</receiver_MarketParticipant.mRID>
    <receiver_MarketParticipant.marketRole.type>A33</receiver_MarketParticipant.marketRole.type>
    <unavailability_Time_Period.timeInterval>
        <start>2020-12-17T15:30Z</start>
        <end>2020-12-31T23:00Z</end>
    </unavailability_Time_Period.timeInterval>
    <TimeSeries>
        <mRID>1</mRID>
            <businessType>A53</businessType>
            <biddingZone_Domain.mRID codingScheme="A01">10YNL----------L</biddingZone_Domain.mRID>
            <start_DateAndOrTime.date>2020-12-17</start_DateAndOrTime.date>
            <start_DateAndOrTime.time>15:30:00Z</start_DateAndOrTime.time>
            <end_DateAndOrTime.date>2020-12-31</end_DateAndOrTime.date>
            <end_DateAndOrTime.time>23:00:00Z</end_DateAndOrTime.time>
        <quantity_Measure_Unit.name>MAW</quantity_Measure_Unit.name>
        <curveType>A03</curveType>
		    <production_RegisteredResource.mRID codingScheme="A01">49W000000000102B</production_RegisteredResource.mRID>
		        <production_RegisteredResource.name>Maasvlakte</production_RegisteredResource.name>
		        <production_RegisteredResource.location.name>intra_zonal</production_RegisteredResource.location.name>
		        <production_RegisteredResource.pSRType.psrType>B05</production_RegisteredResource.pSRType.psrType>
		    <production_RegisteredResource.pSRType.powerSystemResources.mRID codingScheme="A01">49W0000000000326</production_RegisteredResource.pSRType.powerSystemResources.mRID>
		        <production_RegisteredResource.pSRType.powerSystemResources.name>Maasvlakte 3</production_RegisteredResource.pSRType.powerSystemResources.name>
		    <production_RegisteredResource.pSRType.powerSystemResources.nominalP unit="MAW">1070</production_RegisteredResource.pSRType.powerSystemResources.nominalP>
            <Available_Period>
                <timeInterval>
                    <start>2020-12-17T15:30Z</start>
                    <end>2020-12-31T23:00Z</end>
                </timeInterval>
                <resolution>PT15M</resolution>
                    <Point>
                        <position>1</position>
                        <quantity>700</quantity>
                    </Point>
                    <Point>
                        <position>9</position>
                        <quantity>637.5</quantity>
                    </Point>
                    <Point>
                        <position>10</position>
                        <quantity>575</quantity>
                    </Point>
                    <Point>
                        <position>11</position>
                        <quantity>512.6</quantity>
                    </Point>
                    <Point>
                        <position>12</position>
                        <quantity>450.1</quantity>
                    </Point>
                    <Point>
                        <position>29</position>
                        <quantity>428.3</quantity>
                    </Point>
                    <Point>
                        <position>30</position>
                        <quantity>406.7</quantity>
                    </Point>
                    <Point>
                        <position>31</position>
                        <quantity>385</quantity>
                    </Point>
                    <Point>
                        <position>36</position>
                        <quantity>363.7</quantity>
                    </Point>
                    <Point>
                        <position>37</position>
                        <quantity>342.5</quantity>
                    </Point>
                    <Point>
                        <position>38</position>
                        <quantity>321.2</quantity>
                    </Point>
                    <Point>
                        <position>39</position>
                        <quantity>300</quantity>
                    </Point>
                    <Point>
                        <position>58</position>
                        <quantity>0</quantity>
                    </Point>
            </Available_Period>
    </TimeSeries>
    <Reason>
        <code>B19</code>
    </Reason>
</Unavailability_MarketDocument>