<?xml version="1.0" encoding="UTF-8"?>
<Unavailability_MarketDocument xmlns="urn:iec62325.351:tc57wg16:451-6:outagedocument:3:0" >
    <mRID>1D4K6viiQRWC2DSLys4LlA</mRID>
    <revisionNumber>4</revisionNumber>
    <type>A80</type>
    <process.processType>A26</process.processType>
    <createdDateTime>2020-12-31T14:04:57Z</createdDateTime>
    <sender_MarketParticipant.mRID codingScheme="A01">10X1001A1001A450</sender_MarketParticipant.mRID>
    <sender_MarketParticipant.marketRole.type>A32</sender_MarketParticipant.marketRole.type>
    <receiver_MarketParticipant.mRID codingScheme="A01">10X1001A1001A450</receiver_MarketParticipant.mRID>
    <receiver_MarketParticipant.marketRole.type>A33</receiver_MarketParticipant.marketRole.type>
    <unavailability_Time_Period.timeInterval>
        <start>2020-12-17T23:00Z</start>
        <end>2021-01-04T06:30Z</end>
    </unavailability_Time_Period.timeInterval>
    <TimeSeries>
        <mRID>1</mRID>
            <businessType>A53</businessType>
            <biddingZone_Domain.mRID codingScheme="A01">10YNL----------L</biddingZone_Domain.mRID>
            <start_DateAndOrTime.date>2020-12-17</start_DateAndOrTime.date>
            <start_DateAndOrTime.time>23:00:00Z</start_DateAndOrTime.time>
            <end_DateAndOrTime.date>2021-01-04</end_DateAndOrTime.date>
            <end_DateAndOrTime.time>06:30:00Z</end_DateAndOrTime.time>
        <quantity_Measure_Unit.name>MAW</quantity_Measure_Unit.name>
        <curveType>A03</curveType>
		    <production_RegisteredResource.mRID codingScheme="A01">49W000000000152X</production_RegisteredResource.mRID>
		        <production_RegisteredResource.name>Delesto 2</production_RegisteredResource.name>
		        <production_RegisteredResource.location.name>Farmsum</production_RegisteredResource.location.name>
		        <production_RegisteredResource.pSRType.psrType>B04</production_RegisteredResource.pSRType.psrType>
		    <production_RegisteredResource.pSRType.powerSystemResources.mRID codingScheme="A01">49W000000000153V</production_RegisteredResource.pSRType.powerSystemResources.mRID>
		        <production_RegisteredResource.pSRType.powerSystemResources.name>Delesto 2</production_RegisteredResource.pSRType.powerSystemResources.name>
		    <production_RegisteredResource.pSRType.powerSystemResources.nominalP unit="MAW">343</production_RegisteredResource.pSRType.powerSystemResources.nominalP>
            <Available_Period>
                <timeInterval>
                    <start>2020-12-17T23:00Z</start>
                    <end>2021-01-04T06:30Z</end>
                </timeInterval>
                <resolution>PT15M</resolution>
                    <Point>
                        <position>1</position>
                        <quantity>0</quantity>
                    </Point>
            </Available_Period>
    </TimeSeries>
    <Reason>
        <code>B19</code>
    </Reason>
</Unavailability_MarketDocument>